{
  "benchmark": "user-centric",
  "createdAt": "2026-03-05T03:34:03.691Z",
  "env": {
    "node": "v22.22.0",
    "platform": "win32 x64",
    "benchHost": "127.0.0.1",
    "benchPort": 46379
  },
  "config": {
    "rounds": 3,
    "steady": {
      "durationMs": 15000,
      "producers": 4,
      "concurrency": 40,
      "payloadBytes": 512,
      "processorMs": 0
    },
    "burst": {
      "jobs": 20000,
      "bulkSize": 500,
      "concurrency": 80,
      "payloadBytes": 128,
      "processorMs": 0
    },
    "retry": {
      "jobs": 5000,
      "concurrency": 40,
      "backoffMs": 50,
      "failEvery": 5,
      "processorMs": 0
    },
    "delay": {
      "jobs": 1200,
      "concurrency": 30,
      "bucketsMs": [
        100,
        250,
        500,
        1000
      ],
      "promotionIntervalMs": 100
    }
  },
  "steady": {
    "rounds": {
      "glide-mq": [
        {
          "library": "glide-mq",
          "round": 1,
          "produced": 96834,
          "completed": 96834,
          "backlog": 0,
          "drained": true,
          "throughput": 6444.261493748722,
          "addP50": 0.5551000000014028,
          "addP95": 1.0372000000006665,
          "addP99": 1.5941000000002532,
          "e2eP50": 2,
          "e2eP95": 3,
          "e2eP99": 5
        },
        {
          "library": "glide-mq",
          "round": 2,
          "produced": 95256,
          "completed": 95256,
          "backlog": 0,
          "drained": true,
          "throughput": 6339.234452788923,
          "addP50": 0.5504999999975553,
          "addP95": 1.127599999999802,
          "addP99": 1.7985999999946216,
          "e2eP50": 2,
          "e2eP95": 3,
          "e2eP99": 5
        },
        {
          "library": "glide-mq",
          "round": 3,
          "produced": 95551,
          "completed": 95551,
          "backlog": 0,
          "drained": true,
          "throughput": 6354.141916196295,
          "addP50": 0.5504999999975553,
          "addP95": 1.1212000000086846,
          "addP99": 1.7333999999973457,
          "e2eP50": 2,
          "e2eP95": 3,
          "e2eP99": 5
        }
      ],
      "bullmq": [
        {
          "library": "bullmq",
          "round": 1,
          "produced": 99917,
          "completed": 99917,
          "backlog": 0,
          "drained": true,
          "throughput": 6649.09412888522,
          "addP50": 0.4716999999982363,
          "addP95": 1.3792000000030384,
          "addP99": 2.3400999999976193,
          "e2eP50": 12,
          "e2eP95": 21,
          "e2eP99": 26
        },
        {
          "library": "bullmq",
          "round": 2,
          "produced": 100739,
          "completed": 100739,
          "backlog": 0,
          "drained": true,
          "throughput": 6703.189943619451,
          "addP50": 0.46150000000125146,
          "addP95": 1.3623999999981606,
          "addP99": 2.553699999996752,
          "e2eP50": 12,
          "e2eP95": 21,
          "e2eP99": 25
        },
        {
          "library": "bullmq",
          "round": 3,
          "produced": 92518,
          "completed": 92518,
          "backlog": 0,
          "drained": true,
          "throughput": 6151.539046677672,
          "addP50": 0.4913000000087777,
          "addP95": 1.584499999997206,
          "addP99": 3.0185999999957858,
          "e2eP50": 14,
          "e2eP95": 24,
          "e2eP99": 30
        }
      ]
    },
    "baseline": {
      "glide-mq": {
        "library": "glide-mq",
        "round": 0,
        "produced": 95551,
        "completed": 95551,
        "backlog": 0,
        "drained": true,
        "throughput": 6354.141916196295,
        "addP50": 0.5504999999975553,
        "addP95": 1.1212000000086846,
        "addP99": 1.7333999999973457,
        "e2eP50": 2,
        "e2eP95": 3,
        "e2eP99": 5
      },
      "bullmq": {
        "library": "bullmq",
        "round": 0,
        "produced": 99917,
        "completed": 99917,
        "backlog": 0,
        "drained": true,
        "throughput": 6649.09412888522,
        "addP50": 0.4716999999982363,
        "addP95": 1.3792000000030384,
        "addP99": 2.553699999996752,
        "e2eP50": 12,
        "e2eP95": 21,
        "e2eP99": 26
      }
    }
  },
  "burst": {
    "rounds": {
      "glide-mq": [
        {
          "library": "glide-mq",
          "round": 1,
          "completed": 20000,
          "drained": true,
          "drainMs": 442.04509999998845,
          "throughput": 45244.25222675361
        },
        {
          "library": "glide-mq",
          "round": 2,
          "completed": 20000,
          "drained": true,
          "drainMs": 420.1875,
          "throughput": 47597.79860181467
        },
        {
          "library": "glide-mq",
          "round": 3,
          "completed": 20000,
          "drained": true,
          "drainMs": 413.9806000000099,
          "throughput": 48311.4426134933
        }
      ],
      "bullmq": [
        {
          "library": "bullmq",
          "round": 1,
          "completed": 20000,
          "drained": true,
          "drainMs": 730.9815999999992,
          "throughput": 27360.46981209927
        },
        {
          "library": "bullmq",
          "round": 2,
          "completed": 20000,
          "drained": true,
          "drainMs": 729.9088000000047,
          "throughput": 27400.683482648612
        },
        {
          "library": "bullmq",
          "round": 3,
          "completed": 20000,
          "drained": true,
          "drainMs": 632.0176999999967,
          "throughput": 31644.6833688362
        }
      ]
    },
    "baseline": {
      "glide-mq": {
        "library": "glide-mq",
        "round": 0,
        "completed": 20000,
        "drained": true,
        "drainMs": 420.1875,
        "throughput": 47597.79860181467
      },
      "bullmq": {
        "library": "bullmq",
        "round": 0,
        "completed": 20000,
        "drained": true,
        "drainMs": 729.9088000000047,
        "throughput": 27400.683482648612
      }
    }
  },
  "retry": {
    "rounds": {
      "glide-mq": [
        {
          "library": "glide-mq",
          "round": 1,
          "completed": 5000,
          "successRate": 100,
          "elapsedMs": 2747.4272000000055,
          "throughput": 1819.8844358824101,
          "failedEvents": 1000,
          "retryExecutions": 1000,
          "e2eP50": 1,
          "e2eP95": 129,
          "e2eP99": 149
        },
        {
          "library": "glide-mq",
          "round": 2,
          "completed": 5000,
          "successRate": 100,
          "elapsedMs": 2717.6281000000017,
          "throughput": 1839.8396748988564,
          "failedEvents": 1000,
          "retryExecutions": 1000,
          "e2eP50": 1,
          "e2eP95": 127,
          "e2eP99": 148
        },
        {
          "library": "glide-mq",
          "round": 3,
          "completed": 5000,
          "successRate": 100,
          "elapsedMs": 2652.7862000000023,
          "throughput": 1884.8107698992085,
          "failedEvents": 1000,
          "retryExecutions": 1000,
          "e2eP50": 1,
          "e2eP95": 129,
          "e2eP99": 148
        }
      ],
      "bullmq": [
        {
          "library": "bullmq",
          "round": 1,
          "completed": 5000,
          "successRate": 100,
          "elapsedMs": 2684.9939000000013,
          "throughput": 1862.2016236237994,
          "failedEvents": 1000,
          "retryExecutions": 1000,
          "e2eP50": 13,
          "e2eP95": 80,
          "e2eP99": 86
        },
        {
          "library": "bullmq",
          "round": 2,
          "completed": 5000,
          "successRate": 100,
          "elapsedMs": 2611.368399999992,
          "throughput": 1914.7049493284883,
          "failedEvents": 1000,
          "retryExecutions": 1000,
          "e2eP50": 13,
          "e2eP95": 80,
          "e2eP99": 87
        },
        {
          "library": "bullmq",
          "round": 3,