{
  "benchmark": "user-centric",
  "createdAt": "2026-03-05T03:36:17.854Z",
  "env": {
    "node": "v22.22.0",
    "platform": "win32 x64",
    "benchHost": "127.0.0.1",
    "benchPort": 46379
  },
  "config": {
    "rounds": 1,
    "steady": {
      "durationMs": 1000,
      "producers": 4,
      "concurrency": 40,
      "payloadBytes": 512,
      "processorMs": 0
    },
    "burst": {
      "jobs": 100,
      "bulkSize": 500,
      "concurrency": 80,
      "payloadBytes": 128,
      "processorMs": 0
    },
    "retry": {
      "jobs": 40,
      "concurrency": 40,
      "backoffMs": 50,
      "failEvery": 5,
      "processorMs": 0
    },
    "delay": {
      "jobs": 20,
      "concurrency": 30,
      "bucketsMs": [
        100,
        250,
        500,
        1000
      ],
      "promotionIntervalMs": 100
    }
  },
  "steady": {
    "rounds": {
      "glide-mq": [
        {
          "library": "glide-mq",
          "round": 1,
          "produced": 7190,
          "completed": 7190,
          "backlog": 0,
          "drained": true,
          "throughput": 6987.886561817916,
          "addP50": 0.5023000000001048,
          "addP95": 0.88149999999996,
          "addP99": 1.3225999999999658,
          "e2eP50": 2,
          "e2eP95": 3,
          "e2eP99": 4
        }
      ],
      "bullmq": [
        {
          "library": "bullmq",
          "round": 1,
          "produced": 7210,
          "completed": 7210,
          "backlog": 0,
          "drained": true,
          "throughput": 6987.739569950664,
          "addP50": 0.4319000000000415,
          "addP95": 1.228399999999965,
          "addP99": 2.736799999999903,
          "e2eP50": 12,
          "e2eP95": 19,
          "e2eP99": 22
        }
      ]
    },
    "baseline": {
      "glide-mq": {
        "library": "glide-mq",
        "round": 0,
        "produced": 7190,
        "completed": 7190,
        "backlog": 0,
        "drained": true,
        "throughput": 6987.886561817916,
        "addP50": 0.5023000000001048,
        "addP95": 0.88149999999996,
        "addP99": 1.3225999999999658,
        "e2eP50": 2,
        "e2eP95": 3,
        "e2eP99": 4
      },
      "bullmq": {
        "library": "bullmq",
        "round": 0,
        "produced": 7210,
        "completed": 7210,
        "backlog": 0,
        "drained": true,
        "throughput": 6987.739569950664,
        "addP50": 0.4319000000000415,
        "addP95": 1.228399999999965,
        "addP99": 2.736799999999903,
        "e2eP50": 12,
        "e2eP95": 19,
        "e2eP99": 22
      }
    }
  },
  "burst": {
    "rounds": {
      "glide-mq": [
        {
          "library": "glide-mq",
          "round": 1,
          "completed": 100,
          "drained": true,
          "drainMs": 33.85889999999972,
          "throughput": 2953.4332184448053
        }
      ],
      "bullmq": [
        {
          "library": "bullmq",
          "round": 1,
          "completed": 100,
          "drained": true,
          "drainMs": 65.5010000000002,
          "throughput": 1526.6942489427595
        }
      ]
    },
    "baseline": {
      "glide-mq": {
        "library": "glide-mq",
        "round": 0,
        "completed": 100,
        "drained": true,
        "drainMs": 33.85889999999972,
        "throughput": 2953.4332184448053
      },
      "bullmq": {
        "library": "bullmq",
        "round": 0,
        "completed": 100,
        "drained": true,
        "drainMs": 65.5010000000002,
        "throughput": 1526.6942489427595
      }
    }
  },
  "retry": {
    "rounds": {
      "glide-mq": [
        {
          "library": "glide-mq",
          "round": 1,
          "completed": 40,
          "successRate": 100,
          "elapsedMs": 5021.2627,
          "throughput": 7.966123740150062,
          "failedEvents": 8,
          "retryExecutions": 8,
          "e2eP50": 1,
          "e2eP95": 5000,
          "e2eP99": 5006
        }
      ],
      "bullmq": [
        {
          "library": "bullmq",
          "round": 1,
          "completed": 40,
          "successRate": 100,
          "elapsedMs": 156.80040000000008,
          "throughput": 255.10139004747424,
          "failedEvents": 8,
          "retryExecutions": 8,
          "e2eP50": 21,
          "e2eP95": 135,
          "e2eP99": 146
        }
      ]
    },
    "baseline": {
      "glide-mq": {
        "library": "glide-mq",
        "round": 0,
        "completed": 40,
        "successRate": 100,
        "elapsedMs": 5021.2627,
        "throughput": 7.966123740150062,
        "failedEvents": 8,
        "retryExecutions": 8,
        "e2eP50": 1,
        "e2eP95": 5000,
        "e2eP99": 5006
      },
      "bullmq": {
        "library": "bullmq",
        "round": 0,
        "completed": 40,
        "successRate": 100,
        "elapsedMs": 156.80040000000008,
        "throughput": 255.10139004747424,
        "failedEvents": 8,
        "retryExecutions": 8,
        "e2eP50": 21,
        "e2eP95": 135,
        "e2eP99": 146
      }
    }
  },
  "delay": {
    "rounds": {
      "glide-mq": [
        {
          "library": "glide-mq",
          "round": 1,
          "completed": 20,
          "activeSeen": 20,
          "earlyStarts": 0,
          "lateP50": 44,
          "lateP95": 79,
          "lateP99": 80,
          "lateMax": 80
        }
      ],
      "bullmq": [
        {
          "library": "bullmq",
          "round": 1,
          "completed": 20,
          "activeSeen": 20,
          "earlyStarts": 0,
          "lateP50": 67,
          "lateP95": 77,
          "lateP99": 80,
          "lateMax": 80
        }
      ]
    },
    "baseline": {
      "glide-mq": {
        "library": "glide-mq",
        "round": 0,
        "completed": 20,
        "activeSeen": 20,
        "earlyStarts": 0,
        "lateP50": 44,
        "lateP95": 79,
        "lateP99": 80,
        "lateMax": 80
      },
      "bullmq": {
        "library": "bullmq",
        "round": 0,
        "completed": 20,
        "activeSeen": 20,
        "earlyStarts": 0,
        "lateP50": 67,
        "lateP95": 77,
        "lateP99": 80,
        "lateMax": 80
      }
    }
  }
}