{
  "benchmark": "user-centric",
  "createdAt": "2026-03-05T03:35:17.345Z",
  "env": {
    "node": "v22.22.0",
    "platform": "win32 x64",
    "benchHost": "127.0.0.1",
    "benchPort": 46379
  },
  "config": {
    "rounds": 1,
    "steady": {
      "durationMs": 1000,
      "producers": 4,
      "concurrency": 40,
      "payloadBytes": 512,
      "processorMs": 0
    },
    "burst": {
      "jobs": 100,
      "bulkSize": 500,
      "concurrency": 80,
      "payloadBytes": 128,
      "processorMs": 0
    },
    "retry": {
      "jobs": 40,
      "concurrency": 40,
      "backoffMs": 50,
      "failEvery": 5,
      "processorMs": 0
    },
    "delay": {
      "jobs": 20,
      "concurrency": 30,
      "bucketsMs": [
        100,
        250,
        500,
        1000
      ],
      "promotionIntervalMs": 100
    }
  },
  "steady": {
    "rounds": {
      "glide-mq": [
        {
          "library": "glide-mq",
          "round": 1,
          "produced": 6592,
          "completed": 6592,
          "backlog": 0,
          "drained": true,
          "throughput": 6345.862400486105,
          "addP50": 0.5388000000000375,
          "addP95": 1.050200000000018,
          "addP99": 1.6112999999999147,
          "e2eP50": 2,
          "e2eP95": 3,
          "e2eP99": 4
        }
      ],
      "bullmq": [
        {
          "library": "bullmq",
          "round": 1,
          "produced": 6037,
          "completed": 6037,
          "backlog": 0,
          "drained": true,
          "throughput": 5817.318282760791,
          "addP50": 0.532799999999952,
          "addP95": 1.5041000000001077,
          "addP99": 2.6960000000003674,
          "e2eP50": 14,
          "e2eP95": 23,
          "e2eP99": 26
        }
      ]
    },
    "baseline": {
      "glide-mq": {
        "library": "glide-mq",
        "round": 0,
        "produced": 6592,
        "completed": 6592,
        "backlog": 0,
        "drained": true,
        "throughput": 6345.862400486105,
        "addP50": 0.5388000000000375,
        "addP95": 1.050200000000018,
        "addP99": 1.6112999999999147,
        "e2eP50": 2,
        "e2eP95": 3,
        "e2eP99": 4
      },
      "bullmq": {
        "library": "bullmq",
        "round": 0,
        "produced": 6037,
        "completed": 6037,
        "backlog": 0,
        "drained": true,
        "throughput": 5817.318282760791,
        "addP50": 0.532799999999952,
        "addP95": 1.5041000000001077,
        "addP99": 2.6960000000003674,
        "e2eP50": 14,
        "e2eP95": 23,
        "e2eP99": 26
      }
    }
  },
  "burst": {
    "rounds": {
      "glide-mq": [
        {
          "library": "glide-mq",
          "round": 1,
          "completed": 100,
          "drained": true,
          "drainMs": 46.1558,
          "throughput": 2166.5749483271875
        }
      ],
      "bullmq": [
        {
          "library": "bullmq",
          "round": 1,
          "completed": 100,
          "drained": true,
          "drainMs": 59.47260000000006,
          "throughput": 1681.446582123531
        }
      ]
    },
    "baseline": {
      "glide-mq": {
        "library": "glide-mq",
        "round": 0,
        "completed": 100,
        "drained": true,
        "drainMs": 46.1558,
        "throughput": 2166.5749483271875
      },
      "bullmq": {
        "library": "bullmq",
        "round": 0,
        "completed": 100,
        "drained": true,
        "drainMs": 59.47260000000006,
        "throughput": 1681.446582123531
      }
    }
  },
  "retry": {
    "rounds": {
      "glide-mq": [
        {
          "library": "glide-mq",
          "round": 1,
          "completed": 40,
          "successRate": 100,
          "elapsedMs": 141.8818000000001,
          "throughput": 281.92481347149504,
          "failedEvents": 8,
          "retryExecutions": 8,
          "e2eP50": 1,
          "e2eP95": 105,
          "e2eP99": 111
        }
      ],
      "bullmq": [
        {
          "library": "bullmq",
          "round": 1,
          "completed": 40,
          "successRate": 100,
          "elapsedMs": 146.41010000000006,
          "throughput": 273.20519554320356,
          "failedEvents": 8,
          "retryExecutions": 8,
          "e2eP50": 15,
          "e2eP95": 123,
          "e2eP99": 133
        }
      ]
    },
    "baseline": {
      "glide-mq": {
        "library": "glide-mq",
        "round": 0,
        "completed": 40,
        "successRate": 100,
        "elapsedMs": 141.8818000000001,
        "throughput": 281.92481347149504,
        "failedEvents": 8,
        "retryExecutions": 8,
        "e2eP50": 1,
        "e2eP95": 105,
        "e2eP99": 111
      },
      "bullmq": {
        "library": "bullmq",
        "round": 0,
        "completed": 40,
        "successRate": 100,
        "elapsedMs": 146.41010000000006,
        "throughput": 273.20519554320356,
        "failedEvents": 8,
        "retryExecutions": 8,
        "e2eP50": 15,
        "e2eP95": 123,
        "e2eP99": 133
      }
    }
  },
  "delay": {
    "rounds": {
      "glide-mq": [
        {
          "library": "glide-mq",
          "round": 1,
          "completed": 20,
          "activeSeen": 20,
          "earlyStarts": 0,
          "lateP50": 66,
          "lateP95": 107,
          "lateP99": 109,
          "lateMax": 109
        }
      ],
      "bullmq": [
        {
          "library": "bullmq",
          "round": 1,
          "completed": 20,
          "activeSeen": 20,
          "earlyStarts": 0,
          "lateP50": 31,
          "lateP95": 80,
          "lateP99": 82,
          "lateMax": 82
        }
      ]
    },
    "baseline": {
      "glide-mq": {
        "library": "glide-mq",
        "round": 0,
        "completed": 20,
        "activeSeen": 20,
        "earlyStarts": 0,
        "lateP50": 66,
        "lateP95": 107,
        "lateP99": 109,
        "lateMax": 109
      },
      "bullmq": {
        "library": "bullmq",
        "round": 0,
        "completed": 20,
        "activeSeen": 20,
        "earlyStarts": 0,
        "lateP50": 31,
        "lateP95": 80,
        "lateP99": 82,
        "lateMax": 82
      }
    }
  }
}