{
  "benchmark": "user-centric",
  "createdAt": "2026-03-05T03:38:59.034Z",
  "env": {
    "node": "v22.22.0",
    "platform": "win32 x64",
    "benchHost": "127.0.0.1",
    "benchPort": 46379
  },
  "config": {
    "rounds": 3,
    "steady": {
      "durationMs": 15000,
      "producers": 4,
      "concurrency": 40,
      "payloadBytes": 512,
      "processorMs": 0
    },
    "burst": {
      "jobs": 20000,
      "bulkSize": 500,
      "concurrency": 80,
      "payloadBytes": 128,
      "processorMs": 0
    },
    "retry": {
      "jobs": 5000,
      "concurrency": 40,
      "backoffMs": 50,
      "failEvery": 5,
      "processorMs": 0
    },
    "delay": {
      "jobs": 1200,
      "concurrency": 30,
      "bucketsMs": [
        100,
        250,
        500,
        1000
      ],
      "promotionIntervalMs": 100
    }
  },
  "steady": {
    "rounds": {
      "glide-mq": [
        {
          "library": "glide-mq",
          "round": 1,
          "produced": 98568,
          "completed": 98568,
          "backlog": 0,
          "drained": true,
          "throughput": 6558.3622245575025,
          "addP50": 0.5378000000000611,
          "addP95": 1.0324000000000524,
          "addP99": 1.689300000000003,
          "e2eP50": 2,
          "e2eP95": 3,
          "e2eP99": 5
        },
        {
          "library": "glide-mq",
          "round": 2,
          "produced": 96018,
          "completed": 96018,
          "backlog": 0,
          "drained": true,
          "throughput": 6387.789772248994,
          "addP50": 0.5417000000015832,
          "addP95": 1.0776000000041677,
          "addP99": 1.8830999999991036,
          "e2eP50": 2,
          "e2eP95": 3,
          "e2eP99": 5
        },
        {
          "library": "glide-mq",
          "round": 3,
          "produced": 99098,
          "completed": 99098,
          "backlog": 0,
          "drained": true,
          "throughput": 6589.405404007958,
          "addP50": 0.5384000000049127,
          "addP95": 1.0064999999958673,
          "addP99": 1.6459000000031665,
          "e2eP50": 2,
          "e2eP95": 3,
          "e2eP99": 5
        }
      ],
      "bullmq": [
        {
          "library": "bullmq",
          "round": 1,
          "produced": 98278,
          "completed": 98278,
          "backlog": 0,
          "drained": true,
          "throughput": 6539.132795403085,
          "addP50": 0.48359999999956926,
          "addP95": 1.3578999999990629,
          "addP99": 2.4101000000009662,
          "e2eP50": 13,
          "e2eP95": 22,
          "e2eP99": 26
        },
        {
          "library": "bullmq",
          "round": 2,
          "produced": 99334,
          "completed": 99334,
          "backlog": 0,
          "drained": true,
          "throughput": 6610.5510074678305,
          "addP50": 0.46970000000146683,
          "addP95": 1.4130000000004657,
          "addP99": 2.5512000000016997,
          "e2eP50": 12,
          "e2eP95": 22,
          "e2eP99": 28
        },
        {
          "library": "bullmq",
          "round": 3,
          "produced": 102553,
          "completed": 102553,
          "backlog": 0,
          "drained": true,
          "throughput": 6819.8203438553255,
          "addP50": 0.4459999999962747,
          "addP95": 1.3698000000003958,
          "addP99": 2.531199999997625,
          "e2eP50": 12,
          "e2eP95": 21,
          "e2eP99": 29
        }
      ]
    },
    "baseline": {
      "glide-mq": {
        "library": "glide-mq",
        "round": 0,
        "produced": 98568,
        "completed": 98568,
        "backlog": 0,
        "drained": true,
        "throughput": 6558.3622245575025,
        "addP50": 0.5384000000049127,
        "addP95": 1.0324000000000524,
        "addP99": 1.689300000000003,
        "e2eP50": 2,
        "e2eP95": 3,
        "e2eP99": 5
      },
      "bullmq": {
        "library": "bullmq",
        "round": 0,
        "produced": 99334,
        "completed": 99334,
        "backlog": 0,
        "drained": true,
        "throughput": 6610.5510074678305,
        "addP50": 0.46970000000146683,
        "addP95": 1.3698000000003958,
        "addP99": 2.531199999997625,
        "e2eP50": 12,
        "e2eP95": 22,
        "e2eP99": 28
      }
    }
  },
  "burst": {
    "rounds": {
      "glide-mq": [
        {
          "library": "glide-mq",
          "round": 1,
          "completed": 20000,
          "drained": true,
          "drainMs": 503.84640000000945,
          "throughput": 39694.63709574907
        },
        {
          "library": "glide-mq",
          "round": 2,
          "completed": 20000,
          "drained": true,
          "drainMs": 446.0030000000115,
          "throughput": 44842.74769452107
        },
        {
          "library": "glide-mq",
          "round": 3,
          "completed": 20000,
          "drained": true,
          "drainMs": 447.37549999999464,
          "throughput": 44705.17495929089
        }
      ],
      "bullmq": [
        {
          "library": "bullmq",
          "round": 1,
          "completed": 20000,
          "drained": true,
          "drainMs": 578.505999999994,
          "throughput": 34571.81083688019
        },
        {
          "library": "bullmq",
          "round": 2,
          "completed": 20000,
          "drained": true,
          "drainMs": 582.325199999992,
          "throughput": 34345.07041769834
        },
        {
          "library": "bullmq",
          "round": 3,
          "completed": 20000,
          "drained": true,
          "drainMs": 576.1732000000047,
          "throughput": 34711.78458144155
        }
      ]
    },
    "baseline": {
      "glide-mq": {
        "library": "glide-mq",
        "round": 0,
        "completed": 20000,
        "drained": true,
        "drainMs": 447.37549999999464,
        "throughput": 44705.17495929089
      },
      "bullmq": {
        "library": "bullmq",
        "round": 0,
        "completed": 20000,
        "drained": true,
        "drainMs": 578.505999999994,
        "throughput": 34571.81083688019
      }
    }
  },
  "retry": {
    "rounds": {
      "glide-mq": [
        {
          "library": "glide-mq",
          "round": 1,
          "completed": 5000,
          "successRate": 100,
          "elapsedMs": 3342.2502999999997,
          "throughput": 1495.9980705215287,
          "failedEvents": 1000,
          "retryExecutions": 1000,
          "e2eP50": 1,
          "e2eP95": 127,
          "e2eP99": 148
        },
        {
          "library": "glide-mq",
          "round": 2,
          "completed": 5000,
          "successRate": 100,
          "elapsedMs": 2926.1495999999897,
          "throughput": 1708.7301346452066,
          "failedEvents": 1000,
          "retryExecutions": 1000,
          "e2eP50": 1,
          "e2eP95": 129,
          "e2eP99": 148
        },
        {
          "library": "glide-mq",
          "round": 3,
          "completed": 5000,
          "successRate": 100,
          "elapsedMs": 2529.885599999994,
          "throughput": 1976.3739514545684,
          "failedEvents": 1000,
          "retryExecutions": 1000,
          "e2eP50": 1,
          "e2eP95": 127,
          "e2eP99": 148
        }
      ],
      "bullmq": [
        {
          "library": "bullmq",
          "round": 1,
          "completed": 5000,
          "successRate": 100,
          "elapsedMs": 2547.4517999999953,
          "throughput": 1962.7456739318911,
          "failedEvents": 1000,
          "retryExecutions": 1000,
          "e2eP50": 12,
          "e2eP95": 79,
          "e2eP99": 86
        },
        {
          "library": "bullmq",
          "round": 2,
          "completed": 5000,
          "successRate": 100,
          "elapsedMs": 2396.803,
          "throughput": 2086.1122086379232,
          "failedEvents": 1000,
          "retryExecutions": 1000,
          "e2eP50": 12,
          "e2eP95": 78,
          "e2eP99": 84
        },
        {
          "library": "bullmq",